Steps,Policy/Entropy,Policy/Extrinsic Value Estimate,Environment/Episode Length,Self-play/ELO,Environment/Cumulative Reward,Policy/Extrinsic Reward,Is Training
10000,1.4189383,0.099492624,699.0,1199.377959991929,0.0,0.0,1.0
20000,1.4180884,0.08552612,None,None,-0.1111111111111111,-0.1111111111111111,1.0
30000,1.4182032,0.07472902,699.0,1199.5254895746439,0.13333333333333333,0.13333333333333333,1.0
40000,1.4195775,0.08847931,689.741935483871,1200.619852964558,0.1875,0.1875,1.0
50000,1.4208021,0.05998198,699.0,1202.1589693628114,0.0,0.0,1.0
60000,1.4226751,0.049456105,682.3225806451613,1201.4801037684178,0.0625,0.0625,1.0
70000,1.4242268,0.051537056,699.0,1201.9508411609704,0.2,0.2,1.0
80000,1.4248844,0.046320572,671.15625,1202.3270413521986,-0.11764705882352941,-0.11764705882352941,1.0
90000,1.4238639,0.046975963,699.0,1201.2559638269438,0.0,0.0,1.0
100000,1.4262388,0.042252794,695.8928571428571,1202.0488181297646,0.15384615384615385,0.15384615384615385,1.0
110000,1.4271848,0.041601762,699.0,1202.3397033517026,0.3333333333333333,0.3333333333333333,1.0
120000,1.4254638,0.03190523,699.0,1202.3366860014169,-0.2,-0.2,1.0
130000,1.4260782,0.030421445,699.0,1202.7592170412286,0.13333333333333333,0.13333333333333333,1.0
140000,1.4254718,0.03232273,699.0,1203.8389775181715,0.0,0.0,1.0
150000,1.4254248,0.038247887,699.0,1204.744382500889,0.0,0.0,1.0
160000,1.4253713,0.0268056,699.0,1204.9643396152617,0.0,0.0,1.0
170000,1.425246,0.027487947,699.0,1204.6916474847696,0.0,0.0,1.0
180000,1.424286,0.019849932,696.7,1204.5266735458288,0.0,0.0,1.0
190000,1.4244254,0.011983667,688.8666666666667,1204.6504594006663,0.14285714285714285,0.14285714285714285,1.0
200000,1.4244497,0.027351499,699.0,1205.0744782043882,0.2,0.2,1.0
210000,1.4260957,0.020800203,682.5666666666667,1205.1816748229653,1.0,1.0,1.0
220000,1.4267346,0.020457326,699.0,None,-0.21428571428571427,-0.21428571428571427,1.0
230000,1.4278724,0.01354186,699.0,1205.1816748229653,-0.06666666666666667,-0.06666666666666667,1.0
240000,1.4278513,0.014098102,699.0,1203.3851301032269,-0.3333333333333333,-0.3333333333333333,1.0
250000,1.4264256,0.010432865,699.0,1202.9473248259194,-0.06666666666666667,-0.06666666666666667,1.0
260000,1.4302744,0.010919454,699.0,1202.029701915459,-0.2,-0.2,1.0
270000,1.4289303,0.00792177,689.2903225806451,1202.029701915459,0.0,0.0,1.0
280000,1.4278812,0.00042183636,695.5666666666667,1200.7774193214457,-0.26666666666666666,-0.26666666666666666,1.0
290000,1.4300764,-0.007481987,699.0,1200.0081898734138,0.06666666666666667,0.06666666666666667,1.0
300000,1.4300054,-0.0067302925,699.0,1200.0081898734138,0.0,0.0,1.0
310000,1.4298038,0.0036547026,684.2903225806451,1200.0081898734138,0.3333333333333333,0.3333333333333333,1.0
320000,1.430523,0.008908861,699.0,1200.0081898734138,0.0,0.0,1.0
330000,1.4300746,0.0028359387,688.7,1199.7237477601402,-0.13333333333333333,-0.13333333333333333,1.0
340000,1.4301887,0.006419218,699.0,1199.1954431437432,-0.06666666666666667,-0.06666666666666667,1.0
350000,1.4302472,0.011215035,699.0,1198.6426305952434,-0.2,-0.2,1.0
360000,1.42903,0.005626326,691.7333333333333,1198.6426305952434,0.06666666666666667,0.06666666666666667,1.0
370000,1.4283984,0.005514485,699.0,1198.8044504589614,-0.06666666666666667,-0.06666666666666667,1.0
380000,1.4291209,0.012055395,699.0,1198.1341808809516,0.06666666666666667,0.06666666666666667,1.0
390000,1.4294655,-0.0003456566,672.258064516129,1197.8803428344477,-0.06666666666666667,-0.06666666666666667,1.0
400000,1.4289447,0.009280116,699.0,1197.2845178823943,0.0,0.0,1.0
410000,1.4305372,0.022270475,518.0,1198.2780669854458,1.0,1.0,1.0
420000,1.429756,0.011511683,699.0,1198.2787278084204,0.4666666666666667,0.4666666666666667,1.0
430000,1.4298542,0.02897397,699.0,1200.2144580412985,0.3333333333333333,0.3333333333333333,1.0
440000,1.4289355,0.02765065,699.0,1200.360882746949,-0.13333333333333333,-0.13333333333333333,1.0
450000,1.4292319,0.023912704,699.0,1199.7565012480443,0.42857142857142855,0.42857142857142855,1.0
460000,1.4267348,0.02934148,699.0,1200.2653608905505,0.06666666666666667,0.06666666666666667,1.0
470000,1.4293826,0.024389781,695.8333333333334,1200.2622051957576,0.0,0.0,1.0
480000,1.4298493,0.028581409,699.0,1200.2622051957576,0.06666666666666667,0.06666666666666667,1.0
490000,1.430662,0.032523368,699.0,1200.2472181597266,0.13333333333333333,0.13333333333333333,1.0
500000,1.4291922,0.032354295,699.0,1200.2467021356383,0.26666666666666666,0.26666666666666666,1.0
510000,1.430155,0.034888346,699.0,1200.2467021356383,-0.2,-0.2,1.0
520000,1.4301022,0.033011988,699.0,1199.0448932265492,-0.5333333333333333,-0.5333333333333333,1.0
530000,1.4291039,0.024939023,692.5666666666667,1198.0767361548396,0.13333333333333333,0.13333333333333333,1.0
540000,1.4300225,0.022165867,699.0,1199.894925354831,0.3333333333333333,0.3333333333333333,1.0
550000,1.4274362,0.017107502,699.0,1201.8083076261796,0.3333333333333333,0.3333333333333333,1.0
560000,1.4277129,0.012921865,699.0,1204.198266160523,0.26666666666666666,0.26666666666666666,1.0
570000,1.4271847,0.02918227,699.0,1205.25879907639,0.3333333333333333,0.3333333333333333,1.0
580000,1.4273132,0.025512032,699.0,1204.8291721131593,-0.06666666666666667,-0.06666666666666667,1.0
590000,1.4256871,0.018681973,699.0,1204.7270714477088,-0.2,-0.2,1.0
600000,1.4266524,0.02075527,699.0,1205.181482413499,0.08333333333333333,0.08333333333333333,1.0
610000,1.4271234,0.018037014,None,None,0.0,0.0,1.0
620000,1.4273839,0.019178418,699.0,1205.6217546466683,-0.4666666666666667,-0.4666666666666667,1.0
630000,1.4273324,0.015804242,680.25,1205.2884674034717,0.06666666666666667,0.06666666666666667,1.0
640000,1.4270898,0.02307268,699.0,1205.9967435252818,0.06666666666666667,0.06666666666666667,1.0
650000,1.4262877,0.014614658,699.0,1205.9967435252818,-0.3333333333333333,-0.3333333333333333,1.0
660000,1.427348,0.008983109,699.0,1205.4992151193057,-0.2,-0.2,1.0
670000,1.4282578,0.010744225,699.0,1202.6947623036867,-0.3333333333333333,-0.3333333333333333,1.0
680000,1.4277674,-0.0016625125,699.0,1201.5376249917556,-0.06666666666666667,-0.06666666666666667,1.0
690000,1.4276428,-0.00057031127,699.0,1200.9185397094247,-0.2,-0.2,1.0
700000,1.4285674,-0.0006480449,687.2,1198.0624194215613,-0.4666666666666667,-0.4666666666666667,1.0
710000,1.4280258,-0.00789928,699.0,1196.475480588238,-0.2,-0.2,1.0
720000,1.4281374,-0.012147888,699.0,1196.475480588238,-0.13333333333333333,-0.13333333333333333,1.0
730000,1.4278166,-0.008037526,699.0,1196.475480588238,-0.13333333333333333,-0.13333333333333333,1.0
740000,1.4288435,-0.00988347,699.0,1196.475480588238,-0.26666666666666666,-0.26666666666666666,1.0
750000,1.4288427,-0.01586445,699.0,1196.475480588238,-0.4,-0.4,1.0
760000,1.4290179,-0.014263187,680.9666666666667,1196.475480588238,0.06666666666666667,0.06666666666666667,1.0
770000,1.4287091,-0.014519412,699.0,1196.475480588238,-0.2,-0.2,1.0
780000,1.4283392,-0.010033027,699.0,1195.0212956677817,-0.3333333333333333,-0.3333333333333333,1.0
790000,1.4295205,-0.0061314735,686.2333333333333,1194.204999987938,-0.25,-0.25,1.0
800000,1.4290198,-0.010278358,699.0,1194.204999987938,-0.42857142857142855,-0.42857142857142855,1.0
810000,1.4274243,-0.01188658,None,None,-0.09090909090909091,-0.09090909090909091,1.0
820000,1.4269099,-0.010042029,699.0,1195.0654274482758,0.2,0.2,1.0
830000,1.42586,0.0010482179,699.0,1196.2451006943577,0.2,0.2,1.0
840000,1.4257078,0.0024793167,699.0,1197.36530201526,0.0,0.0,1.0
850000,1.4266919,-0.0011183958,699.0,1197.36530201526,0.06666666666666667,0.06666666666666667,1.0
860000,1.4270571,-0.00045915507,699.0,1197.36530201526,0.3333333333333333,0.3333333333333333,1.0
870000,1.42704,0.015504442,699.0,1197.36530201526,0.13333333333333333,0.13333333333333333,1.0
880000,1.426777,0.01685301,699.0,1197.36530201526,0.13333333333333333,0.13333333333333333,1.0
890000,1.4263896,0.017908521,699.0,1197.36530201526,0.2,0.2,1.0
900000,1.4261262,0.014509771,696.6666666666666,1197.7323681909813,0.06666666666666667,0.06666666666666667,1.0
910000,1.4261228,0.012477027,699.0,1197.7862078374278,0.06666666666666667,0.06666666666666667,1.0
920000,1.4258728,0.007662184,699.0,1198.1629851034709,0.06666666666666667,0.06666666666666667,1.0
930000,1.4252805,0.02118339,699.0,1197.6294972876262,0.0,0.0,1.0
940000,1.4253597,0.021988656,680.5806451612904,1198.2627533416305,-0.2,-0.2,1.0
950000,1.4246491,0.02059667,699.0,1197.7712682091017,-0.13333333333333333,-0.13333333333333333,1.0
960000,1.4250602,0.009869404,699.0,1198.6050632985782,0.06666666666666667,0.06666666666666667,1.0
970000,1.4253561,0.007834317,699.0,1198.598757061941,0.0,0.0,1.0
980000,1.424705,0.0066533354,699.0,1199.0220139264422,0.0,0.0,1.0
990000,1.422905,0.011868827,699.0,1197.9626496718595,0.14285714285714285,0.14285714285714285,1.0
1000000,1.4220781,0.00759623,699.0,1197.959786557666,0.08333333333333333,0.08333333333333333,1.0
1010000,1.4213365,0.0062206187,699.0,1197.9597865576657,0.0,0.0,1.0
1020000,1.4211378,0.0055726515,699.0,1197.6881153511115,-0.2,-0.2,1.0
1030000,1.42227,0.0005602958,699.0,1195.8912415136206,-0.13333333333333333,-0.13333333333333333,1.0
1040000,1.4215705,-0.004457522,699.0,1195.6065251670818,-0.26666666666666666,-0.26666666666666666,1.0
1050000,1.4229203,-0.0011926114,699.0,1195.3404085917907,-0.06666666666666667,-0.06666666666666667,1.0
1060000,1.4217919,-4.6354144e-05,699.0,1194.4918551998176,-0.26666666666666666,-0.26666666666666666,1.0
1070000,1.4223759,-0.013377479,699.0,1193.4297291093985,-0.4666666666666667,-0.4666666666666667,1.0
1080000,1.4222654,-0.019186115,699.0,1192.1785335122602,-0.3333333333333333,-0.3333333333333333,1.0
1090000,1.4195317,-0.021755675,699.0,1191.0327895623266,-0.2,-0.2,1.0
1100000,1.4200082,-0.019252071,699.0,1191.0327895623266,0.06666666666666667,0.06666666666666667,1.0
1110000,1.4216363,-0.024793105,699.0,1190.3981550150677,-0.13333333333333333,-0.13333333333333333,1.0
1120000,1.4221283,-0.032267813,699.0,1190.4099804805885,-0.2,-0.2,1.0
1130000,1.421814,-0.0313571,699.0,1189.61319451537,-0.26666666666666666,-0.26666666666666666,1.0
1140000,1.4220122,-0.026048886,699.0,1188.2069092867944,-0.13333333333333333,-0.13333333333333333,1.0
1150000,1.4221207,-0.03311453,699.0,1187.3566745171054,-0.3333333333333333,-0.3333333333333333,1.0
1160000,1.4212401,-0.029249052,699.0,1184.521962568738,-0.26666666666666666,-0.26666666666666666,1.0
1170000,1.4212943,-0.046955477,699.0,1184.3109577391328,-0.42857142857142855,-0.42857142857142855,1.0
1180000,1.420945,-0.0637511,699.0,1184.7037102124748,0.0,0.0,1.0
1190000,1.419962,-0.0589309,None,None,-0.1,-0.1,1.0
1200000,1.4198824,-0.06650351,699.0,1183.7357929072414,-0.26666666666666666,-0.26666666666666666,1.0
1210000,1.4187933,-0.048527077,699.0,1182.928355580031,-0.4,-0.4,1.0
1220000,1.4199215,-0.0442427,699.0,1182.928355580031,0.06666666666666667,0.06666666666666667,1.0
1230000,1.4191242,-0.042414933,699.0,1184.3916064806506,0.2,0.2,1.0
1240000,1.417744,-0.04279243,699.0,1185.5831950396566,0.2,0.2,1.0
1250000,1.420394,-0.039796937,699.0,1186.8201788161948,0.13333333333333333,0.13333333333333333,1.0
1260000,1.4184369,-0.028315363,699.0,1187.4261197043793,0.26666666666666666,0.26666666666666666,1.0
1270000,1.4155135,-0.02105838,699.0,1187.4261197043793,0.3333333333333333,0.3333333333333333,1.0
1280000,1.4157898,-0.008943132,699.0,1187.1777041893977,-0.06666666666666667,-0.06666666666666667,1.0
1290000,1.4133682,-0.008714331,699.0,1187.148686635553,0.06666666666666667,0.06666666666666667,1.0
1300000,1.4146653,-0.007021286,699.0,1187.148686635553,0.13333333333333333,0.13333333333333333,1.0
1310000,1.416225,-0.0025261457,699.0,1187.7876025025037,0.06666666666666667,0.06666666666666667,1.0
1320000,1.4169325,-0.003226812,699.0,1188.9676711519298,0.26666666666666666,0.26666666666666666,1.0
1330000,1.4160918,-0.0025612155,699.0,1189.7571743945216,0.26666666666666666,0.26666666666666666,1.0
1340000,1.4163126,0.016596714,699.0,1190.721998151864,0.2,0.2,1.0
1350000,1.4171332,0.024157433,699.0,1191.699944866431,0.06666666666666667,0.06666666666666667,1.0
1360000,1.41725,0.026872277,699.0,1192.0568420297618,0.07142857142857142,0.07142857142857142,1.0
1370000,1.4194438,0.028803334,699.0,1193.1645860700837,0.14285714285714285,0.14285714285714285,1.0
1380000,1.4177136,0.018505838,None,None,0.3333333333333333,0.3333333333333333,1.0
1390000,1.4192541,0.033164445,699.0,1195.7761278094774,0.4,0.4,1.0
1400000,1.4191488,0.032850035,699.0,1196.9047817617745,0.06666666666666667,0.06666666666666667,1.0
1410000,1.4196755,0.026031088,699.0,1196.9047817617745,0.0,0.0,1.0
1420000,1.4185709,0.032182004,699.0,1196.9047817617745,-0.06666666666666667,-0.06666666666666667,1.0
1430000,1.4199249,0.03425518,699.0,1196.9047817617745,-0.3333333333333333,-0.3333333333333333,1.0
1440000,1.4207215,0.02232981,699.0,1196.9047817617745,-0.3333333333333333,-0.3333333333333333,1.0
1450000,1.421477,0.012832842,699.0,1196.9047817617745,-0.3333333333333333,-0.3333333333333333,1.0
1460000,1.4219228,0.007115519,699.0,1196.9047817617745,-0.26666666666666666,-0.26666666666666666,1.0
1470000,1.4223704,0.00042054674,699.0,1196.9047817617745,-0.26666666666666666,-0.26666666666666666,1.0
1480000,1.4249268,-0.006817915,699.0,1196.9047817617745,-0.26666666666666666,-0.26666666666666666,1.0
1490000,1.4248542,-0.014006531,699.0,1196.1936818417232,-0.06666666666666667,-0.06666666666666667,1.0
1500000,1.4241703,-0.0057897363,699.0,1196.329177393983,-0.13333333333333333,-0.13333333333333333,1.0
1510000,1.4246669,-0.001649843,699.0,1196.329177393983,-0.13333333333333333,-0.13333333333333333,1.0
1520000,1.4244443,-0.0052086688,699.0,1195.6416004399177,0.0,0.0,1.0
1530000,1.4267361,-0.004776876,699.0,1196.0398956225722,0.0,0.0,1.0
1540000,1.4250593,-0.007619289,699.0,1194.998720553662,-0.26666666666666666,-0.26666666666666666,1.0
1550000,1.426968,-0.019386673,699.0,1192.6135168776516,-0.4,-0.4,1.0
1560000,1.4251454,-0.029341694,699.0,1189.9024355028764,-0.5714285714285714,-0.5714285714285714,1.0
1570000,1.4270473,-0.023984075,None,None,0.0,0.0,1.0
1580000,1.425411,-0.032665726,699.0,1189.4508577300728,-0.26666666666666666,-0.26666666666666666,1.0
1590000,1.4280604,-0.030935451,699.0,1188.6432160376396,-0.2,-0.2,1.0
1600000,1.4267635,-0.02989481,681.9032258064516,1188.130371157844,0.06666666666666667,0.06666666666666667,1.0
1610000,1.4294866,-0.022969736,699.0,1186.4625040712137,-0.4666666666666667,-0.4666666666666667,1.0
1620000,1.4279718,-0.015660334,699.0,1185.634239787954,0.06666666666666667,0.06666666666666667,1.0
1630000,1.4271457,-0.010812644,699.0,1185.7252863258022,0.2,0.2,1.0
1640000,1.4285309,-0.006162635,699.0,1186.8819455182602,0.3333333333333333,0.3333333333333333,1.0
1650000,1.4272201,-0.006030558,699.0,1186.8819455182602,-0.13333333333333333,-0.13333333333333333,1.0
1660000,1.4247608,-0.0020645868,699.0,1187.8680455509827,0.2,0.2,1.0
1670000,1.4268801,0.008616392,699.0,1190.0324018397416,0.4666666666666667,0.4666666666666667,1.0
1680000,1.4275159,0.014524406,699.0,1192.1936146765695,0.0,0.0,1.0
1690000,1.4270035,0.014675217,699.0,1192.1936146765695,0.0,0.0,1.0
1700000,1.4241432,0.018231748,689.1333333333333,1192.770727375045,0.2,0.2,1.0
1710000,1.4253873,0.01702968,699.0,1193.4212545229796,0.06666666666666667,0.06666666666666667,1.0
1720000,1.4225391,0.018633353,699.0,1194.8090489149909,0.4,0.4,1.0
1730000,1.4241228,0.03803606,699.0,1196.180436947851,-0.06666666666666667,-0.06666666666666667,1.0
1740000,1.4226078,0.024355477,699.0,1197.8372293354646,0.4,0.4,1.0
1750000,1.4241792,0.047285944,699.0,1198.6434846630623,0.375,0.375,1.0
1760000,1.4247135,0.02849336,699.0,1198.6342036201622,-0.125,-0.125,1.0
1770000,1.4227147,0.02979502,699.0,1199.0883184973316,0.06666666666666667,0.06666666666666667,1.0
1780000,1.423445,0.026229342,699.0,1199.0977333525657,0.0,0.0,1.0
1790000,1.424267,0.015439852,699.0,1199.7707680013698,0.3333333333333333,0.3333333333333333,1.0
1800000,1.4234176,0.020431504,699.0,1201.2102784946458,-0.06666666666666667,-0.06666666666666667,1.0
1810000,1.4211055,0.030834975,699.0,1201.2678235066635,-0.14285714285714285,-0.14285714285714285,1.0
1820000,1.4247283,0.022673786,699.0,1200.1778991276472,-0.2,-0.2,1.0
1830000,1.4250051,0.005560373,699.0,1198.4879258172432,-0.26666666666666666,-0.26666666666666666,1.0
1840000,1.4235935,-0.0125100855,699.0,1197.5436251840215,-0.4666666666666667,-0.4666666666666667,1.0
1850000,1.4251734,-0.0208585,699.0,1198.5002445213584,0.2,0.2,1.0
1860000,1.4241109,-0.016578594,699.0,1198.8909357937841,-0.2,-0.2,1.0
1870000,1.4243292,-0.014063447,699.0,1198.9585215813208,-0.13333333333333333,-0.13333333333333333,1.0
1880000,1.4258564,-0.018365256,699.0,1197.8331195843025,-0.26666666666666666,-0.26666666666666666,1.0
1890000,1.4260753,-0.025529934,699.0,1197.8331195843025,-0.4,-0.4,1.0
1900000,1.426777,-0.04214737,699.0,1197.8331195843025,0.13333333333333333,0.13333333333333333,1.0
1910000,1.4262769,-0.02807549,699.0,1198.8514238385892,0.13333333333333333,0.13333333333333333,1.0
1920000,1.4254557,-0.034557685,699.0,1198.791916335347,-0.3333333333333333,-0.3333333333333333,1.0
1930000,1.4252577,-0.044717055,699.0,1198.018891610262,-0.2,-0.2,1.0
1940000,1.4257661,-0.030052379,699.0,1197.2902663059435,0.1111111111111111,0.1111111111111111,1.0
1950000,1.4250246,-0.02235614,699.0,1197.9900587781444,0.0,0.0,1.0
1960000,1.4252437,-0.017081885,477.0,None,0.2,0.2,1.0
1970000,1.425592,-0.009028778,699.0,1197.392353005253,-0.2,-0.2,1.0
1980000,1.4247884,-0.0061350134,699.0,1197.0858279362124,0.0,0.0,1.0
1990000,1.4260681,-0.001233868,699.0,1196.3429626527238,0.0,0.0,1.0
2000000,1.4253577,-0.011910222,699.0,1197.1279665958887,0.06666666666666667,0.06666666666666667,1.0
2010000,1.4266453,-0.014210134,699.0,1197.1279665958887,-0.13333333333333333,-0.13333333333333333,1.0
2020000,1.4272844,-0.005364753,699.0,1197.1279665958887,0.5333333333333333,0.5333333333333333,1.0
2030000,1.4268624,0.009106241,699.0,1197.1279665958887,0.26666666666666666,0.26666666666666666,1.0
2040000,1.4275298,0.015208747,699.0,1197.1279665958887,0.13333333333333333,0.13333333333333333,1.0
2050000,1.4264208,0.015405281,699.0,1197.1279665958887,0.5333333333333333,0.5333333333333333,1.0
2060000,1.4270934,0.031088673,679.741935483871,1197.554637774685,-0.0625,-0.0625,1.0
2070000,1.4257704,0.024145,699.0,1196.6070567311904,0.0,0.0,1.0
2080000,1.4249429,0.017958611,699.0,1196.7706704347327,0.06666666666666667,0.06666666666666667,1.0
2090000,1.4262282,0.024583187,699.0,1196.667506710829,-0.13333333333333333,-0.13333333333333333,1.0
2100000,1.4257268,0.015308499,699.0,1196.1856223410844,-0.06666666666666667,-0.06666666666666667,1.0
2110000,1.4251785,0.012010404,699.0,1196.5445521804434,0.14285714285714285,0.14285714285714285,1.0
2120000,1.4249645,0.010360658,699.0,1197.2470801538698,0.06666666666666667,0.06666666666666667,1.0
2130000,1.4263912,0.014398309,699.0,1197.5413830629514,0.1,0.1,1.0
2140000,1.4267657,0.008730853,699.0,1197.7312874449683,0.0,0.0,1.0
2150000,1.4261388,0.01889059,699.0,1197.7327403399347,0.3333333333333333,0.3333333333333333,1.0
2160000,1.4262466,0.016788589,699.0,1198.1435072917595,0.2,0.2,1.0
2170000,1.4262166,0.014980514,699.0,1200.3652099443202,0.2,0.2,1.0
2180000,1.4268543,0.021901276,699.0,1200.659306679297,-0.06666666666666667,-0.06666666666666667,1.0
2190000,1.4270351,0.017938154,699.0,1200.659306679297,-0.06666666666666667,-0.06666666666666667,1.0
2200000,1.4272938,0.010836353,699.0,1200.9071231094815,0.06666666666666667,0.06666666666666667,1.0
2210000,1.4280548,0.012179183,699.0,1200.6696695636017,0.07142857142857142,0.07142857142857142,1.0
2220000,1.4282848,0.013088152,699.0,1201.0569974806206,0.0,0.0,1.0
2230000,1.4273092,0.014380655,699.0,1201.2045458284304,-0.13333333333333333,-0.13333333333333333,1.0
2240000,1.4281484,0.016429888,699.0,1201.0597151505565,0.2,0.2,1.0
2250000,1.4278646,0.0263838,699.0,1201.3869806617472,-0.06666666666666667,-0.06666666666666667,1.0
2260000,1.4278538,0.030637056,699.0,1201.1590054694427,0.0,0.0,1.0
2270000,1.427209,0.020605844,699.0,1201.0857020524957,-0.06666666666666667,-0.06666666666666667,1.0
2280000,1.4273746,0.021505063,699.0,1200.1305833544002,-0.06666666666666667,-0.06666666666666667,1.0
2290000,1.4273946,0.023985574,699.0,1200.6119209103497,0.0,0.0,1.0
2300000,1.4277723,0.026564406,699.0,1200.198849091164,-0.13333333333333333,-0.13333333333333333,1.0
2310000,1.4278187,0.024867719,699.0,1200.198849091164,-0.06666666666666667,-0.06666666666666667,1.0
2320000,1.4280057,0.0387098,699.0,1200.198849091164,0.0,0.0,1.0
2330000,1.4287173,0.042991064,699.0,1200.0594263136059,-0.14285714285714285,-0.14285714285714285,1.0
2340000,1.428397,0.018544009,None,None,-0.07692307692307693,-0.07692307692307693,1.0
2350000,1.4283175,0.01828954,699.0,1198.4822222695411,-0.3333333333333333,-0.3333333333333333,1.0
2360000,1.4288955,0.018527864,699.0,1197.250506888555,0.0,0.0,1.0
2370000,1.4295616,0.020986997,699.0,1198.085289499194,0.06666666666666667,0.06666666666666667,1.0
2380000,1.4296303,0.015401886,699.0,1197.746602676012,0.0,0.0,1.0
2390000,1.4288448,0.014422544,699.0,1197.746602676012,-0.26666666666666666,-0.26666666666666666,1.0
2400000,1.4285955,0.015836935,699.0,1197.746602676012,0.0,0.0,1.0
2410000,1.4285187,0.017603287,699.0,1197.746602676012,0.2,0.2,1.0
2420000,1.4277102,0.01888925,699.0,1197.746602676012,0.06666666666666667,0.06666666666666667,1.0
2430000,1.4273558,0.020935908,699.0,1196.8189296989356,-0.26666666666666666,-0.26666666666666666,1.0
2440000,1.4262542,0.013745421,699.0,1195.089975697531,-0.2,-0.2,1.0
2450000,1.4260142,0.006167862,699.0,1194.9185650607733,0.06666666666666667,0.06666666666666667,1.0
2460000,1.4258565,0.0049058874,699.0,1194.6503556985188,0.0,0.0,1.0
2470000,1.4252853,0.006854363,699.0,1195.1448210830922,0.06666666666666667,0.06666666666666667,1.0
2480000,1.424175,0.012130133,699.0,1195.699304452079,-0.13333333333333333,-0.13333333333333333,1.0
2490000,1.4250586,0.011102484,699.0,1196.4376837873579,0.13333333333333333,0.13333333333333333,1.0
2500000,1.4254138,0.003697656,699.0,1196.0227714978282,-0.06666666666666667,-0.06666666666666667,1.0
2510000,1.4254191,0.0050683273,699.0,1195.2379816200896,-0.2727272727272727,-0.2727272727272727,1.0
2520000,1.4230949,-0.006861705,699.0,1197.25352601702,0.42857142857142855,0.42857142857142855,1.0
2530000,1.4216998,-0.0021944554,None,None,0.16666666666666666,0.16666666666666666,1.0
2540000,1.422044,0.010294168,699.0,1197.4580225442257,0.0,0.0,1.0
2550000,1.4203991,0.00744643,699.0,1197.4580225442257,0.26666666666666666,0.26666666666666666,1.0
2560000,1.4223325,0.011626538,699.0,1197.4580225442257,0.2,0.2,1.0
2570000,1.4229454,0.01741352,699.0,1197.4580225442257,0.13333333333333333,0.13333333333333333,1.0
2580000,1.4246151,0.025531981,699.0,1197.4580225442257,0.06666666666666667,0.06666666666666667,1.0
2590000,1.4229084,0.019408736,699.0,1196.8032961847396,-0.13333333333333333,-0.13333333333333333,1.0
2600000,1.4227327,0.008239637,699.0,1195.7215268979642,-0.13333333333333333,-0.13333333333333333,1.0
2610000,1.4227172,0.007988915,699.0,1195.6186968091029,0.0,0.0,1.0
2620000,1.4235529,0.0012258608,699.0,1195.6186968091029,0.0,0.0,1.0
2630000,1.4232155,-0.0065230182,699.0,1195.047759949231,-0.2,-0.2,1.0
2640000,1.4252234,-0.0013477661,699.0,1194.178905644367,-0.06666666666666667,-0.06666666666666667,1.0
2650000,1.4251757,-0.006854698,699.0,1194.5285237870817,0.06666666666666667,0.06666666666666667,1.0
2660000,1.4247152,-0.0076218303,699.0,1194.8521094080022,0.06666666666666667,0.06666666666666667,1.0
2670000,1.4266527,-0.008692507,699.0,1195.4541755595817,-0.06666666666666667,-0.06666666666666667,1.0
2680000,1.4264865,-0.003618514,699.0,1194.9897139226343,-0.26666666666666666,-0.26666666666666666,1.0
2690000,1.4254979,-0.006994971,699.0,1194.9897139226343,0.13333333333333333,0.13333333333333333,1.0
2700000,1.4252295,-0.009829227,699.0,1194.9897139226343,-0.3333333333333333,-0.3333333333333333,1.0
2710000,1.4243023,-0.008937237,699.0,1194.9897139226343,-0.16666666666666666,-0.16666666666666666,1.0
2720000,1.4244708,-0.009811828,None,None,0.08333333333333333,0.08333333333333333,1.0
2730000,1.4256152,-0.010248735,699.0,1194.7049169465836,-0.06666666666666667,-0.06666666666666667,1.0
2740000,1.4257398,-0.01237812,699.0,1194.605683038573,0.0,0.0,1.0
2750000,1.4260799,-0.012411823,699.0,1194.6866115369507,0.13333333333333333,0.13333333333333333,1.0
2760000,1.4245456,-0.0066786176,699.0,1194.6866115369507,0.13333333333333333,0.13333333333333333,1.0
2770000,1.425867,0.0001986815,699.0,1193.9995703823045,-0.13333333333333333,-0.13333333333333333,1.0
2780000,1.4273505,-0.0062647318,699.0,1193.1984725743428,-0.2,-0.2,1.0
2790000,1.4285474,-0.013329482,699.0,1192.248220737644,-0.2,-0.2,1.0
2800000,1.4285244,-0.024377834,699.0,1192.248220737644,-0.13333333333333333,-0.13333333333333333,1.0
2810000,1.4279169,-0.027029838,699.0,1192.248220737644,-0.06666666666666667,-0.06666666666666667,1.0
2820000,1.4264396,-0.02676484,699.0,1193.3902799744124,0.2,0.2,1.0
2830000,1.4264655,-0.02043558,699.0,1193.3788198987831,-0.06666666666666667,-0.06666666666666667,1.0
2840000,1.4259893,-0.019176742,699.0,1193.238133939228,0.0,0.0,1.0
2850000,1.4250052,-0.01960378,699.0,1193.690794396061,0.0,0.0,1.0
2860000,1.4242644,-0.014984772,699.0,1193.2718163316583,0.13333333333333333,0.13333333333333333,1.0
2870000,1.42408,-0.016859157,699.0,1193.2328419968185,0.0,0.0,1.0
2880000,1.424809,-0.010979998,699.0,1192.929044869506,-0.06666666666666667,-0.06666666666666667,1.0
2890000,1.4243109,-0.009902677,699.0,1192.8375427038227,-0.08333333333333333,-0.08333333333333333,1.0
2900000,1.4258585,-0.009222154,699.0,1192.8375427038227,-0.14285714285714285,-0.14285714285714285,1.0
2910000,1.4259319,-0.013372901,None,None,0.18181818181818182,0.18181818181818182,1.0
2920000,1.4254014,-0.0116366185,699.0,1192.5037017497068,-0.06666666666666667,-0.06666666666666667,1.0
2930000,1.4252324,-0.0113114165,699.0,1192.4689962933421,-0.06666666666666667,-0.06666666666666667,1.0
2940000,1.425159,-0.014647028,699.0,1192.2840320232858,-0.06666666666666667,-0.06666666666666667,1.0
2950000,1.4238634,-0.0136453,699.0,1192.001484075354,0.0,0.0,1.0
2960000,1.4239295,-0.008624223,699.0,1191.8447064475015,-0.06666666666666667,-0.06666666666666667,1.0
2970000,1.426282,-0.014491201,699.0,1191.3444263330393,0.0,0.0,1.0
2980000,1.4250872,-0.018175296,699.0,1191.7883778648438,0.13333333333333333,0.13333333333333333,1.0
2990000,1.4245644,-0.011646921,699.0,1192.608322917411,0.13333333333333333,0.13333333333333333,1.0
3000000,1.4237355,-0.009293113,699.0,1192.608322917411,0.0,0.0,1.0
3010000,1.4235839,-0.008740909,699.0,1192.608322917411,-0.26666666666666666,-0.26666666666666666,1.0
3020000,1.4236598,-0.013171541,699.0,1192.2157980125003,-0.13333333333333333,-0.13333333333333333,1.0
3030000,1.4249132,-0.021334726,699.0,1191.6224319191729,0.13333333333333333,0.13333333333333333,1.0
3040000,1.4244719,-0.013793388,699.0,1190.6707669700393,-0.2,-0.2,1.0
3050000,1.4238541,-0.017183242,699.0,1189.7015207796169,-0.06666666666666667,-0.06666666666666667,1.0
3060000,1.4235168,-0.011754146,699.0,1189.7459788155177,0.0,0.0,1.0
3070000,1.4227933,-0.010447439,699.0,1189.7459788155177,0.0,0.0,1.0
3080000,1.4236479,-0.01506319,699.0,1190.3587180360141,0.15384615384615385,0.15384615384615385,1.0
3090000,1.4223975,-0.012444585,699.0,1189.7371178263372,-0.14285714285714285,-0.14285714285714285,1.0
3100000,1.4224182,-0.009907252,None,None,-0.2,-0.2,1.0
3110000,1.4241846,-0.008843721,699.0,1189.431339303338,-0.06666666666666667,-0.06666666666666667,1.0
3120000,1.4228495,-0.010230732,699.0,1188.8841333074913,-0.2,-0.2,1.0
3130000,1.423675,-0.016881991,699.0,1187.8531823759424,-0.26666666666666666,-0.26666666666666666,1.0
3140000,1.4226259,-0.025401236,699.0,1187.0263257996157,-0.2,-0.2,1.0
3150000,1.4235486,-0.030741395,699.0,1186.87017306729,0.0,0.0,1.0
3160000,1.4222101,-0.021512594,699.0,1187.1675495510049,0.0,0.0,1.0
3170000,1.4225948,-0.023977498,699.0,1186.9488627171243,-0.06666666666666667,-0.06666666666666667,1.0
3180000,1.4224263,-0.019809602,699.0,1186.817569658388,0.13333333333333333,0.13333333333333333,1.0
3190000,1.4230746,-0.019531764,699.0,1187.1829691985245,0.0,0.0,1.0
3200000,1.4236606,-0.013099875,699.0,1186.9374263490013,-0.13333333333333333,-0.13333333333333333,1.0
3210000,1.4222002,-0.010427453,699.0,1186.2820282550072,-0.13333333333333333,-0.13333333333333333,1.0
3220000,1.4219444,-0.008084504,699.0,1185.9648416467758,0.06666666666666667,0.06666666666666667,1.0
3230000,1.4227968,-0.008390318,699.0,1186.2409480964393,0.06666666666666667,0.06666666666666667,1.0
3240000,1.4220898,-0.008546023,699.0,1186.605867350359,0.13333333333333333,0.13333333333333333,1.0
3250000,1.4220935,-0.006659202,699.0,1186.908193649849,0.0,0.0,1.0
3260000,1.4230866,-0.0045848135,699.0,1187.6460530188617,0.2,0.2,1.0
3270000,1.4226283,0.0014958724,699.0,1188.310746009429,0.2857142857142857,0.2857142857142857,1.0
3280000,1.4222262,0.009390333,699.0,1188.310746009429,-0.16666666666666666,-0.16666666666666666,1.0
3290000,1.42243,0.011187746,None,None,0.0,0.0,1.0
3300000,1.4224256,0.0076101357,699.0,1188.5264738212759,0.06666666666666667,0.06666666666666667,1.0
3310000,1.4232934,0.011698839,699.0,1188.7731180045744,0.2,0.2,1.0
3320000,1.4231043,0.010648911,684.2258064516129,1189.1108720855923,0.1875,0.1875,1.0
3330000,1.4217614,0.012376442,699.0,1190.3697258237482,0.13333333333333333,0.13333333333333333,1.0
3340000,1.4219532,0.011873917,699.0,1190.3646700172665,0.13333333333333333,0.13333333333333333,1.0
3350000,1.4223933,0.010993665,699.0,1190.0706411110825,0.0,0.0,1.0
3360000,1.4217674,0.0102884965,699.0,1191.0050981332345,0.13333333333333333,0.13333333333333333,1.0
3370000,1.4214883,0.019763088,699.0,1191.8110102593846,0.0,0.0,1.0
3380000,1.4212939,0.025540857,699.0,1191.2442790360813,0.0,0.0,1.0
3390000,1.4215871,0.023770375,699.0,1191.236254423931,0.0,0.0,1.0
3400000,1.4214178,0.01686233,699.0,1191.6387359017112,0.13333333333333333,0.13333333333333333,1.0
3410000,1.4215157,0.021196024,699.0,1192.1218383521878,0.0,0.0,1.0
3420000,1.4214265,0.012781247,699.0,1190.9717088003554,0.0,0.0,1.0
3430000,1.4210297,0.016293857,699.0,1191.713811842568,-0.06666666666666667,-0.06666666666666667,1.0
3440000,1.4209296,0.017482383,699.0,1191.5045286908355,0.0,0.0,1.0
3450000,1.4205807,0.012787345,699.0,1191.5045286908355,0.0,0.0,1.0
3460000,1.4218667,0.011019093,699.0,1191.1746968056955,-0.06666666666666667,-0.06666666666666667,1.0
3470000,1.4223251,0.0142468875,699.0,1191.0114203650214,0.16666666666666666,0.16666666666666666,1.0
3480000,1.4231038,0.022366794,None,None,0.1111111111111111,0.1111111111111111,1.0
3490000,1.422988,0.01604348,699.0,1190.445479504116,-0.13333333333333333,-0.13333333333333333,1.0
3500000,1.423488,0.010718576,699.0,1191.0373546825253,0.2,0.2,1.0
3510000,1.4242027,0.013769921,699.0,1191.3778262797575,0.0,0.0,1.0
3520000,1.424015,0.013746538,699.0,1190.7792646332432,-0.2,-0.2,1.0
3530000,1.4238107,0.015541712,699.0,1189.796417892198,0.06666666666666667,0.06666666666666667,1.0
3540000,1.424602,0.015832664,699.0,1189.796417892198,-0.06666666666666667,-0.06666666666666667,1.0
3550000,1.4259539,0.013032312,699.0,1190.2223462546374,0.06666666666666667,0.06666666666666667,1.0
3560000,1.4274257,0.014649898,699.0,1190.2794193219675,0.0,0.0,1.0
3570000,1.4265263,0.01093766,699.0,1190.2794193219675,-0.2,-0.2,1.0
3580000,1.4242523,0.006837916,699.0,1189.340540874757,-0.2,-0.2,1.0
3590000,1.4242905,-0.0012780662,699.0,1189.0951129609205,0.0,0.0,1.0
3600000,1.4252114,-0.0009627672,699.0,1188.8736007781085,-0.13333333333333333,-0.13333333333333333,1.0
3610000,1.4241512,-0.0025003506,699.0,1188.722185898434,-0.06666666666666667,-0.06666666666666667,1.0
3620000,1.4254861,-0.010411063,699.0,1188.4667786889045,-0.06666666666666667,-0.06666666666666667,1.0
3630000,1.4259031,-0.01033474,699.0,1188.5326575818415,0.0,0.0,1.0
3640000,1.4270465,-0.011843026,699.0,1188.4037757901228,0.0,0.0,1.0
3650000,1.4265475,-0.013868144,699.0,1188.8307612057358,0.06666666666666667,0.06666666666666667,1.0
3660000,1.4272667,-0.010580541,699.0,1188.9619202771285,0.14285714285714285,0.14285714285714285,1.0
3670000,1.4270828,-0.012389448,None,None,0.0,0.0,1.0
3680000,1.4280328,-0.013975321,699.0,1189.3402160438234,-0.13333333333333333,-0.13333333333333333,1.0
3690000,1.4298167,-0.011694135,699.0,1188.881875831113,-0.06666666666666667,-0.06666666666666667,1.0
3700000,1.4305198,-0.0089553045,699.0,1188.858037800204,0.13333333333333333,0.13333333333333333,1.0
3710000,1.4275515,-0.005319987,699.0,1188.858037800204,0.0,0.0,1.0
3720000,1.4285946,-0.0018581587,699.0,1188.858037800204,0.13333333333333333,0.13333333333333333,1.0
3730000,1.4296058,0.0030040084,699.0,1188.858037800204,0.13333333333333333,0.13333333333333333,1.0
3740000,1.4265639,0.0036253466,699.0,1189.599170014157,0.2,0.2,1.0
3750000,1.4296118,0.006408151,699.0,1189.6548260808786,-0.2,-0.2,1.0
3760000,1.4293956,0.0033736061,699.0,1189.1166912828687,0.0,0.0,1.0
3770000,1.4283354,0.00049204193,699.0,1188.8461497196583,0.0,0.0,1.0
3780000,1.4296448,0.0007771743,699.0,1188.336609485685,-0.13333333333333333,-0.13333333333333333,1.0
3790000,1.4286431,-0.0042367894,699.0,1187.580238965999,-0.06666666666666667,-0.06666666666666667,1.0
3800000,1.4277977,-0.0058501684,699.0,1187.216857055822,-0.06666666666666667,-0.06666666666666667,1.0
3810000,1.4287052,-0.008792643,699.0,1186.9709915786411,0.0,0.0,1.0
3820000,1.4267828,-0.009296844,699.0,1186.7194645903337,-0.13333333333333333,-0.13333333333333333,1.0
3830000,1.4277282,-0.006642995,699.0,1186.001529228927,-0.13333333333333333,-0.13333333333333333,1.0
3840000,1.4275627,-0.008305035,699.0,1186.1491003050671,0.0,0.0,1.0
3850000,1.4278312,-0.0033460343,699.0,1186.154173517109,0.0,0.0,1.0
3860000,1.4278357,-0.011199226,None,None,-0.2857142857142857,-0.2857142857142857,1.0
3870000,1.4254167,-0.008027716,699.0,1186.0535296103708,-0.06666666666666667,-0.06666666666666667,1.0
3880000,1.4259222,-0.010821793,699.0,1185.9026475712185,0.0,0.0,1.0
3890000,1.4279872,-0.005805543,699.0,1186.4024902119206,0.06666666666666667,0.06666666666666667,1.0
3900000,1.4273556,-0.0026495678,699.0,1186.4273964138954,-0.13333333333333333,-0.13333333333333333,1.0
3910000,1.4276857,-0.0010978269,699.0,1186.4273964138954,0.0,0.0,1.0
3920000,1.4266864,-0.0025555287,699.0,1186.6046849730624,0.06666666666666667,0.06666666666666667,1.0
3930000,1.429085,0.0014965732,699.0,1187.3713115849519,0.0,0.0,1.0
3940000,1.4283183,0.0037403123,699.0,1188.0142853809689,0.13333333333333333,0.13333333333333333,1.0
3950000,1.4277928,0.005214143,699.0,1187.8130746125837,-0.06666666666666667,-0.06666666666666667,1.0
3960000,1.4288069,0.0044455356,699.0,1187.6521276702308,-0.13333333333333333,-0.13333333333333333,1.0
3970000,1.428785,0.0041684583,699.0,1187.6521276702308,0.06666666666666667,0.06666666666666667,1.0
3980000,1.4299676,0.0057070376,699.0,1187.6521276702308,-0.06666666666666667,-0.06666666666666667,1.0
3990000,1.4308367,0.0042411694,699.0,1187.638215117334,0.0,0.0,1.0
4000000,1.4309163,0.0010767733,699.0,1187.6262158971115,0.0,0.0,1.0
4010000,1.4313184,0.0021315054,699.0,1187.6262158971115,-0.06666666666666667,-0.06666666666666667,1.0
4020000,1.429899,0.0010155836,699.0,1187.8435544917968,0.0,0.0,1.0
4030000,1.430067,0.0053006094,699.0,1187.2498313882159,-0.06666666666666667,-0.06666666666666667,1.0
4040000,1.4311607,0.00017764253,699.0,1187.0808746957568,0.0,0.0,1.0
4050000,1.4301846,-0.0004780495,699.0,1187.0808746957568,0.0,0.0,1.0
4060000,1.4301226,-0.0024903272,None,None,0.13333333333333333,0.13333333333333333,1.0
4070000,1.429853,-0.0011152969,699.0,1187.0808746957568,0.06666666666666667,0.06666666666666667,1.0
4080000,1.4299109,0.0016124296,699.0,1186.3956488901538,-0.2,-0.2,1.0
4090000,1.4296703,-0.0016396885,699.0,1184.7480511333931,-0.13333333333333333,-0.13333333333333333,1.0
4100000,1.4298089,0.00056760333,699.0,1184.7568272212761,0.13333333333333333,0.13333333333333333,1.0
4110000,1.4308555,0.0023915959,699.0,1184.7568272212761,0.06666666666666667,0.06666666666666667,1.0
4120000,1.4299122,0.001390123,699.0,1183.9804038642926,-0.13333333333333333,-0.13333333333333333,1.0
4130000,1.4301157,-0.0015143716,699.0,1183.9100590449941,0.0,0.0,1.0
4140000,1.4297953,-0.0005858989,699.0,1183.3496661412696,-0.13333333333333333,-0.13333333333333333,1.0
4150000,1.4294873,-0.004708432,699.0,1183.1320300437944,0.0,0.0,1.0
4160000,1.4289246,-0.005808162,699.0,1183.3163976156654,0.13333333333333333,0.13333333333333333,1.0
4170000,1.4292167,-0.00022125672,699.0,1184.5667315022106,0.06666666666666667,0.06666666666666667,1.0
4180000,1.4296081,-0.0020886604,699.0,1184.5174313708083,-0.06666666666666667,-0.06666666666666667,1.0
4190000,1.4300573,-0.0017935451,699.0,1184.8723798798803,0.06666666666666667,0.06666666666666667,1.0
4200000,1.4300816,0.0031284252,699.0,1185.2455960599696,0.13333333333333333,0.13333333333333333,1.0
4210000,1.4299172,0.0023742463,699.0,1186.055752912263,0.06666666666666667,0.06666666666666667,1.0
4220000,1.430471,0.0066089416,699.0,1186.386928791944,0.13333333333333333,0.13333333333333333,1.0
4230000,1.4297502,0.0010028417,699.0,1185.5221238951501,-0.2222222222222222,-0.2222222222222222,1.0
4240000,1.4303546,0.0013617277,699.0,1185.2471624999882,-0.14285714285714285,-0.14285714285714285,1.0
4250000,1.4303656,0.0058157323,None,None,0.0,0.0,1.0
4260000,1.4317738,0.008259047,699.0,1185.1293336794845,0.06666666666666667,0.06666666666666667,1.0
4270000,1.4319527,0.00565382,699.0,1185.0385151716582,0.0,0.0,1.0
4280000,1.4322038,0.008675598,699.0,1185.1496687919646,0.0,0.0,1.0
4290000,1.4343107,0.010096122,699.0,1185.1496687919646,0.0,0.0,1.0
4300000,1.433184,0.009011607,699.0,1184.9467672089938,-0.06666666666666667,-0.06666666666666667,1.0
4310000,1.4347434,0.009006148,699.0,1184.7111851271497,0.0,0.0,1.0
4320000,1.4346062,0.008967539,699.0,1184.7111851271497,0.0,0.0,1.0
4330000,1.4343818,0.0077788057,699.0,1184.7111851271497,0.06666666666666667,0.06666666666666667,1.0
4340000,1.4362217,0.008105641,699.0,1184.7111851271497,0.0,0.0,1.0
4350000,1.4350877,0.0076700426,699.0,1184.2891567433824,-0.06666666666666667,-0.06666666666666667,1.0
4360000,1.4350631,0.0063071707,699.0,1183.6644966262904,-0.2,-0.2,1.0
4370000,1.4337163,0.0022304938,699.0,1182.7285302422147,0.13333333333333333,0.13333333333333333,1.0
4380000,1.4336052,0.005409733,699.0,1182.7285302422147,0.0,0.0,1.0
4390000,1.4345134,0.00494697,699.0,1182.7285302422147,0.0,0.0,1.0
4400000,1.4336896,0.0063935504,699.0,1182.813253052122,0.0,0.0,1.0
4410000,1.4327955,0.003938208,699.0,1182.886324758507,-0.06666666666666667,-0.06666666666666667,1.0
4420000,1.4334733,0.0034796,699.0,1183.3749064136484,0.1,0.1,1.0
4430000,1.433066,0.004046042,699.0,1182.8969205424144,0.0,0.0,1.0
4440000,1.4335041,0.002331351,None,None,-0.14285714285714285,-0.14285714285714285,1.0
4450000,1.4346269,0.004500829,699.0,1182.8554241394675,0.06666666666666667,0.06666666666666667,1.0
4460000,1.4356128,0.0047100442,699.0,1182.9688362580478,0.0,0.0,1.0
4470000,1.4365406,0.0035055326,699.0,1182.9688362580478,0.0,0.0,1.0
4480000,1.4373724,0.0050556986,699.0,1183.0438333833565,0.0,0.0,1.0
4490000,1.437024,0.006291288,699.0,1183.0484221245601,0.0,0.0,1.0
4500000,1.4390992,0.005579434,699.0,1182.7321602073287,-0.06666666666666667,-0.06666666666666667,1.0
4510000,1.4397336,0.0018283938,699.0,1182.5850414792196,-0.06666666666666667,-0.06666666666666667,1.0
4520000,1.4355919,0.0026385041,699.0,1182.7411149471336,0.06666666666666667,0.06666666666666667,1.0
4530000,1.4374224,0.004067989,699.0,1183.1241596017974,0.0,0.0,1.0
4540000,1.4382396,0.0041700266,699.0,1182.9576474330959,0.0,0.0,1.0
4550000,1.4383181,0.0033354005,699.0,1183.1262203552576,0.0,0.0,1.0
4560000,1.4394866,-0.0009762263,699.0,1183.1262203552576,-0.06666666666666667,-0.06666666666666667,1.0
4570000,1.4393153,0.00092891796,699.0,1183.8458115659798,0.13333333333333333,0.13333333333333333,1.0
4580000,1.44001,0.0049487674,699.0,1184.094543026678,-0.06666666666666667,-0.06666666666666667,1.0
4590000,1.4386303,0.00439815,699.0,1184.327334057719,0.06666666666666667,0.06666666666666667,1.0
4600000,1.4406198,0.005345134,699.0,1184.1783531948067,-0.06666666666666667,-0.06666666666666667,1.0
4610000,1.4394201,-0.0028221505,699.0,1184.0733573172479,0.0,0.0,1.0
4620000,1.4418168,-0.0005424051,699.0,1184.0733573172479,0.0,0.0,1.0
4630000,1.4400148,-0.00015916595,None,None,-0.07692307692307693,-0.07692307692307693,1.0
4640000,1.4418666,7.611402e-05,699.0,1184.0733573172479,0.06666666666666667,0.06666666666666667,1.0
4650000,1.4420575,0.006640634,699.0,1183.581988205243,-0.13333333333333333,-0.13333333333333333,1.0
4660000,1.4414506,0.010022248,699.0,1183.0917460737614,0.06666666666666667,0.06666666666666667,1.0
4670000,1.4406227,0.01217059,699.0,1183.0917460737614,-0.13333333333333333,-0.13333333333333333,1.0
4680000,1.4394864,0.012959499,699.0,1183.0917460737614,-0.06666666666666667,-0.06666666666666667,1.0
4690000,1.4399093,0.011237364,699.0,1182.7827807840865,-0.06666666666666667,-0.06666666666666667,1.0
4700000,1.4401269,0.0074991966,699.0,1182.9852860226579,0.06666666666666667,0.06666666666666667,1.0
4710000,1.442732,0.0045423824,699.0,1183.0869343753004,0.13333333333333333,0.13333333333333333,1.0
4720000,1.4431145,0.0049348557,699.0,1183.0869343753004,0.0,0.0,1.0
4730000,1.4408276,0.003289389,699.0,1183.038814556305,-0.06666666666666667,-0.06666666666666667,1.0
4740000,1.43965,-0.001571368,699.0,1182.4737901225733,-0.06666666666666667,-0.06666666666666667,1.0
4750000,1.4449635,-0.003445756,699.0,1182.1596887675876,-0.2,-0.2,1.0
4760000,1.4445347,-0.0033312168,699.0,1182.364822142391,0.0,0.0,1.0
4770000,1.4450865,-0.0026875564,699.0,1182.170880839076,0.0,0.0,1.0
4780000,1.4447333,-0.003880229,699.0,1182.170880839076,-0.06666666666666667,-0.06666666666666667,1.0
4790000,1.4423385,-0.0011104918,699.0,1182.4363386268562,0.06666666666666667,0.06666666666666667,1.0
4800000,1.4443775,0.0014667609,699.0,1182.7258737636969,-0.06666666666666667,-0.06666666666666667,1.0
4810000,1.4449886,0.0017052046,699.0,1181.8092651369673,-0.2,-0.2,1.0
4820000,1.4425191,0.0048059733,None,None,None,None,1.0
4830000,1.444758,-0.00027660836,699.0,1181.2700806058858,0.0,0.0,1.0
4840000,1.4433951,-0.0024265458,699.0,1181.1892778372314,0.0,0.0,1.0
4850000,1.4458622,-0.0019259272,699.0,1180.8007015536955,-0.13333333333333333,-0.13333333333333333,1.0
4860000,1.4467599,-0.008433246,699.0,1180.3658826407288,0.06666666666666667,0.06666666666666667,1.0
4870000,1.4455795,-0.005303014,699.0,1180.3910913418629,0.0,0.0,1.0
4880000,1.4440161,-0.0026941819,699.0,1180.4128332089208,0.0,0.0,1.0
4890000,1.4441347,-0.002408178,699.0,1180.4128332089208,-0.06666666666666667,-0.06666666666666667,1.0
4900000,1.4427698,-0.0050138426,699.0,1180.4128332089208,0.06666666666666667,0.06666666666666667,1.0
4910000,1.4436356,-0.0063956915,699.0,1180.4128332089208,0.0,0.0,1.0
4920000,1.4458088,-0.002870803,699.0,1180.4128332089208,0.06666666666666667,0.06666666666666667,1.0
4930000,1.4452504,-0.0013254487,699.0,1180.4128332089208,0.13333333333333333,0.13333333333333333,1.0
4940000,1.4463267,-0.0028512685,699.0,1180.4128332089208,-0.13333333333333333,-0.13333333333333333,1.0
4950000,1.4454455,-0.0031303796,699.0,1180.5203605887205,0.06666666666666667,0.06666666666666667,1.0
4960000,1.445646,-0.0036588938,699.0,1181.8346725318218,0.13333333333333333,0.13333333333333333,1.0
4970000,1.4450006,-0.0038910008,699.0,1182.0070551747267,0.06666666666666667,0.06666666666666667,1.0
4980000,1.4455675,0.0013110117,699.0,1182.1211708537778,0.06666666666666667,0.06666666666666667,1.0
4990000,1.444393,-0.0016804632,699.0,1182.4688239345705,0.0,0.0,1.0
5000000,1.4458052,0.004312423,688.9,1183.004252120233,0.06666666666666667,0.06666666666666667,1.0
5010000,1.4466007,0.002214724,699.0,1182.6792362236656,-0.08333333333333333,-0.08333333333333333,1.0
5020000,1.4458951,0.0010544255,None,None,0.3333333333333333,0.3333333333333333,1.0
5030000,1.4461011,-0.0011647849,699.0,1182.856934842424,-0.06666666666666667,-0.06666666666666667,1.0
5040000,1.4462223,-0.0020259318,699.0,1182.856934842424,-0.06666666666666667,-0.06666666666666667,1.0
5050000,1.4462272,0.0019195896,699.0,1182.856934842424,-0.06666666666666667,-0.06666666666666667,1.0
5060000,1.4466459,0.00037107104,699.0,1182.724971896821,-0.06666666666666667,-0.06666666666666667,1.0
5070000,1.4468505,0.0030696746,699.0,1182.1080688477143,-0.06666666666666667,-0.06666666666666667,1.0
5080000,1.4471487,0.0015279031,699.0,1181.8197337714341,-0.2,-0.2,1.0
5090000,1.4469161,-0.0066485708,699.0,1181.8197337714341,0.0,0.0,1.0
5100000,1.4463545,-0.00613762,699.0,1181.8197337714341,0.0,0.0,1.0
5110000,1.4464095,-0.0032500385,699.0,1181.8197337714341,-0.06666666666666667,-0.06666666666666667,1.0
5120000,1.4460315,-0.0005432527,699.0,1181.8235955649614,0.0,0.0,1.0
5130000,1.4457247,0.0019470137,699.0,1181.2406658670886,-0.13333333333333333,-0.13333333333333333,1.0
5140000,1.4464211,-0.00036614394,699.0,1180.8786810293789,0.0,0.0,1.0
5150000,1.4460019,-0.0014983469,699.0,1180.8927637420563,-0.13333333333333333,-0.13333333333333333,1.0
5160000,1.446185,-0.003726182,699.0,1180.8927637420563,0.0,0.0,1.0
5170000,1.4460839,-0.009382869,699.0,1180.5815421952443,-0.13333333333333333,-0.13333333333333333,1.0
5180000,1.4465089,-0.011396505,699.0,1179.937427026242,0.0,0.0,1.0
5190000,1.4464556,-0.013531249,699.0,1179.937427026242,-0.06666666666666667,-0.06666666666666667,1.0
5200000,1.4463218,-0.011898873,699.0,1179.7594797581437,-0.08333333333333333,-0.08333333333333333,1.0
5210000,1.4460151,-0.014605115,699.0,1178.8006707523496,-0.14285714285714285,-0.14285714285714285,1.0
5220000,1.4457095,-0.015176034,None,None,-0.09090909090909091,-0.09090909090909091,1.0
5230000,1.4456843,-0.014682838,699.0,1178.642244479207,0.06666666666666667,0.06666666666666667,1.0
5240000,1.4454521,-0.010861011,699.0,1179.121907155775,0.0,0.0,1.0
5250000,1.4449294,-0.011350713,699.0,1179.1681355542903,0.0,0.0,1.0
5260000,1.4448538,-0.00951223,699.0,1180.004181261601,0.26666666666666666,0.26666666666666666,1.0
5270000,1.4446642,-0.002843799,699.0,1181.2565097547517,-0.06666666666666667,-0.06666666666666667,1.0
5280000,1.4439039,-0.004395015,699.0,1181.2565097547517,0.06666666666666667,0.06666666666666667,1.0
5290000,1.4427482,-0.0035749488,699.0,1181.2565097547517,-0.13333333333333333,-0.13333333333333333,1.0
5300000,1.4433372,-0.00788291,699.0,1181.2565097547517,-0.13333333333333333,-0.13333333333333333,1.0
5310000,1.4438573,-0.010243049,699.0,1181.2565097547517,-0.06666666666666667,-0.06666666666666667,1.0
5320000,1.44346,-0.010576817,699.0,1181.7488138455378,0.13333333333333333,0.13333333333333333,1.0
5330000,1.4439473,-0.008317757,699.0,1183.108718014709,0.13333333333333333,0.13333333333333333,1.0
5340000,1.4425966,-0.004665217,699.0,1183.1067556645687,-0.13333333333333333,-0.13333333333333333,1.0
5350000,1.4419286,-0.0045652706,699.0,1183.1067556645687,0.0,0.0,1.0
5360000,1.443222,-0.0060179858,699.0,1182.882842304828,-0.06666666666666667,-0.06666666666666667,1.0
5370000,1.4423597,-0.005475655,699.0,1182.5633237202646,0.0,0.0,1.0
5380000,1.4415883,-0.006608214,699.0,1182.5455983691309,0.0,0.0,1.0
5390000,1.4430374,-0.006222788,699.0,1182.532823500216,-0.07692307692307693,-0.07692307692307693,1.0
5400000,1.4399251,-0.0059563094,699.0,1182.532823500216,0.0,0.0,1.0
5410000,1.4411361,-0.005498126,None,None,0.0,0.0,1.0
5420000,1.4405426,-0.0039029163,699.0,1182.4539590623067,0.0,0.0,1.0
5430000,1.4404666,-0.004547343,699.0,1182.4889441572327,0.0,0.0,1.0
5440000,1.440314,-0.002325637,699.0,1182.4714701040916,-0.06666666666666667,-0.06666666666666667,1.0
5450000,1.4405296,-0.0043228236,699.0,1182.4714701040916,-0.06666666666666667,-0.06666666666666667,1.0
5460000,1.4405432,-0.0034015374,699.0,1182.915704507616,0.06666666666666667,0.06666666666666667,1.0
5470000,1.4407705,0.00055256987,699.0,1182.9273766828421,-0.13333333333333333,-0.13333333333333333,1.0
5480000,1.4416674,-0.0038600517,699.0,1182.9273766828421,-0.13333333333333333,-0.13333333333333333,1.0
5490000,1.4396031,-0.0032640912,699.0,1182.9273766828421,0.0,0.0,1.0
5500000,1.440852,-0.005884866,699.0,1182.9273766828421,0.06666666666666667,0.06666666666666667,1.0
5510000,1.4416595,-0.0044082063,699.0,1183.1997868207352,0.06666666666666667,0.06666666666666667,1.0
5520000,1.4433924,-0.002802482,699.0,1183.3413627379618,0.0,0.0,1.0
5530000,1.4414893,-0.002980944,699.0,1183.315815432499,0.0,0.0,1.0
5540000,1.4422941,-0.001777427,699.0,1183.315815432499,0.06666666666666667,0.06666666666666667,1.0
5550000,1.442856,0.0030730811,699.0,1183.315815432499,0.0,0.0,1.0
5560000,1.4421214,0.00749243,699.0,1183.8659929744967,0.13333333333333333,0.13333333333333333,1.0
5570000,1.4431534,0.011452983,699.0,1184.1789507047483,-0.06666666666666667,-0.06666666666666667,1.0
5580000,1.442169,0.015020284,699.0,1183.7815372399004,-0.14285714285714285,-0.14285714285714285,1.0
5590000,1.442664,0.008402493,699.0,1183.3027806967532,-0.16666666666666666,-0.16666666666666666,1.0
5600000,1.4424036,0.0043782643,None,None,0.0,0.0,1.0
5610000,1.4426538,0.0018687983,699.0,1182.8635971387087,-0.06666666666666667,-0.06666666666666667,1.0
5620000,1.4416201,0.0030162588,699.0,1182.6147777518663,-0.06666666666666667,-0.06666666666666667,1.0
5630000,1.442765,-0.006577668,699.0,1182.1697592391029,0.0,0.0,1.0
5640000,1.4416128,-0.0050407783,699.0,1181.8438859535468,-0.06666666666666667,-0.06666666666666667,1.0
5650000,1.4408993,-0.0048353826,699.0,1182.6976920660964,0.2,0.2,1.0
5660000,1.4423133,0.0027766128,699.0,1181.562189498961,-0.26666666666666666,-0.26666666666666666,1.0
5670000,1.4422312,-0.0065337783,699.0,1180.9489741223138,-0.06666666666666667,-0.06666666666666667,1.0
5680000,1.4412467,-0.0035007345,699.0,1179.4808923299038,-0.2,-0.2,1.0
5690000,1.4419675,-0.0032996433,699.0,1179.1844664717162,0.0,0.0,1.0
5700000,1.4423579,-0.0048557892,699.0,1179.1844664717162,0.0,0.0,1.0
5710000,1.4426308,-0.004649201,699.0,1179.197786036412,0.0,0.0,1.0
5720000,1.4430252,-0.004122098,699.0,1179.2092738193464,0.0,0.0,1.0
5730000,1.443418,-0.0028659438,699.0,1179.238691655712,-0.06666666666666667,-0.06666666666666667,1.0
5740000,1.443973,-0.0036363741,699.0,1178.8057554071452,0.0,0.0,1.0
5750000,1.4451754,-0.008792583,699.0,1178.8770614760988,0.0,0.0,1.0
5760000,1.4463212,-0.009688804,699.0,1178.9094198833313,0.06666666666666667,0.06666666666666667,1.0
5770000,1.4445058,-0.0014899039,699.0,1178.789350640331,-0.07142857142857142,-0.07142857142857142,1.0
5780000,1.4459423,0.0016785194,699.0,1178.7707338397379,0.0,0.0,1.0
5790000,1.4457083,-0.0012962737,None,None,0.0,0.0,1.0
5800000,1.4466944,-0.008120165,699.0,1179.0451446454033,0.0,0.0,1.0
5810000,1.4468848,-0.007474278,699.0,1178.5894535433802,-0.13333333333333333,-0.13333333333333333,1.0
5820000,1.4465288,-0.010521214,699.0,1178.6995884362134,0.06666666666666667,0.06666666666666667,1.0
5830000,1.4467492,-0.008494779,699.0,1178.7800124216394,-0.06666666666666667,-0.06666666666666667,1.0
5840000,1.4462122,-0.009157845,699.0,1178.8502658732184,0.0,0.0,1.0
5850000,1.4479438,-0.007475304,699.0,1178.8799418474032,0.06666666666666667,0.06666666666666667,1.0
5860000,1.4469659,-0.003695093,699.0,1178.6162809760888,-0.06666666666666667,-0.06666666666666667,1.0
5870000,1.4484596,-0.0030005744,699.0,1178.5347650058416,0.06666666666666667,0.06666666666666667,1.0
5880000,1.4490784,-0.002138178,699.0,1178.9075796253196,0.0,0.0,1.0
5890000,1.4515164,-0.001918907,699.0,1178.2189624210312,-0.13333333333333333,-0.13333333333333333,1.0
5900000,1.4499239,-0.006313936,699.0,1177.9345087117686,0.0,0.0,1.0
5910000,1.4520557,-0.0055295792,699.0,1177.9345087117686,0.0,0.0,1.0
5920000,1.4493455,-0.00049443374,699.0,1177.4204413925659,-0.2,-0.2,1.0
5930000,1.449818,0.0001857995,699.0,1176.5826192860036,0.0,0.0,1.0
5940000,1.450819,-0.0018296513,699.0,1176.671846689896,0.0,0.0,1.0
5950000,1.4487541,-0.002702159,699.0,1177.0432493553758,0.06666666666666667,0.06666666666666667,1.0
5960000,1.4501667,-3.7338286e-05,699.0,1177.3123855276847,0.0,0.0,1.0
5970000,1.4524882,-0.0008682258,699.0,1177.3724207098653,0.0,0.0,1.0
5980000,1.4532925,-0.0040357886,None,None,-0.125,-0.125,1.0
5990000,1.4516308,-0.0061244145,699.0,1176.7479259255117,-0.13333333333333333,-0.13333333333333333,1.0
6000000,1.4497408,-0.006284309,699.0,1176.3965734240264,-0.13333333333333333,-0.13333333333333333,1.0
6010000,1.4497526,-0.0053512547,680.1935483870968,1176.4715549648026,0.06666666666666667,0.06666666666666667,1.0
6020000,1.4505877,-0.0050846655,699.0,1176.9993158978061,-0.06666666666666667,-0.06666666666666667,1.0
6030000,1.4507918,-0.0002202664,699.0,1177.17857301073,0.06666666666666667,0.06666666666666667,1.0
6040000,1.4497185,0.00044619496,699.0,1177.0914388228305,0.0,0.0,1.0
6050000,1.4540273,-0.001454852,699.0,1177.5019539856573,0.06666666666666667,0.06666666666666667,1.0
6060000,1.45269,0.0024342767,699.0,1178.165315942619,0.0,0.0,1.0
6070000,1.451667,0.00071151677,699.0,1177.7877663839176,0.0,0.0,1.0
6080000,1.4536078,0.0050303284,699.0,1177.7717442436078,0.0,0.0,1.0
6090000,1.4530779,0.00305379,699.0,1177.7717442436078,-0.06666666666666667,-0.06666666666666667,1.0
6100000,1.4525397,-0.0006044417,699.0,1177.7889961355638,0.0,0.0,1.0
6110000,1.4518628,-7.036582e-05,699.0,1178.2801393246366,0.13333333333333333,0.13333333333333333,1.0
6120000,1.4526553,0.0020219632,699.0,1178.8165661630205,0.2,0.2,1.0
6130000,1.4524999,0.007968541,699.0,1178.0995526387235,-0.13333333333333333,-0.13333333333333333,1.0
6140000,1.453284,0.0066933464,699.0,1178.2748964238738,0.06666666666666667,0.06666666666666667,1.0
6150000,1.4538387,0.006383819,686.7666666666667,1178.388747457255,0.06666666666666667,0.06666666666666667,1.0
6160000,1.4527876,0.006491494,699.0,1178.4214042552837,0.0,0.0,1.0
6170000,1.452262,0.0049930904,699.0,1178.8876758981903,0.125,0.125,1.0
6180000,1.4536229,0.0075453846,699.0,1178.3015004473011,-0.13333333333333333,-0.13333333333333333,1.0
6190000,1.4527053,0.007530864,699.0,1178.0159040033186,0.06666666666666667,0.06666666666666667,1.0
6200000,1.4532313,0.0059422296,699.0,1178.4372010200018,0.0,0.0,1.0
6210000,1.4533722,0.0066211554,699.0,1179.4594519236152,0.06666666666666667,0.06666666666666667,1.0
6220000,1.4538958,0.008266074,699.0,1178.9511044501219,0.14285714285714285,0.14285714285714285,1.0
6230000,1.4521488,0.0071451506,699.0,1178.5577142846332,0.0,0.0,1.0
6240000,1.4540656,0.0054312376,699.0,1178.9666221008642,0.2,0.2,1.0
6250000,1.452748,0.0084064845,699.0,1179.6652797036065,0.13333333333333333,0.13333333333333333,1.0
6260000,1.4534374,0.010197929,699.0,1179.9548348362218,0.06666666666666667,0.06666666666666667,1.0
6270000,1.4533173,0.008384894,699.0,1179.9548348362218,0.06666666666666667,0.06666666666666667,1.0
6280000,1.4533354,0.013162373,699.0,1179.9548348362218,0.0,0.0,1.0
6290000,1.4530909,0.015494881,699.0,1179.8429158148122,-0.06666666666666667,-0.06666666666666667,1.0
6300000,1.4533582,0.008451058,699.0,1179.5670838063065,0.0,0.0,1.0
6310000,1.4529668,0.009831961,699.0,1179.4364754123876,-0.06666666666666667,-0.06666666666666667,1.0
6320000,1.4532043,0.004557473,699.0,1179.4364754123876,0.06666666666666667,0.06666666666666667,1.0
6330000,1.4525256,0.0011216494,699.0,1179.8277641999266,0.06666666666666667,0.06666666666666667,1.0
6340000,1.4530174,0.0045743515,699.0,1179.9163275810674,0.06666666666666667,0.06666666666666667,1.0
6350000,1.453249,0.005847476,699.0,1179.785314302667,0.0,0.0,1.0
6360000,1.4530065,0.004927509,699.0,1179.8265723142513,0.0,0.0,1.0
6370000,1.4530684,0.0065827803,None,None,0.0,0.0,1.0
6380000,1.4535223,0.0024672868,699.0,1179.7989904628023,-0.06666666666666667,-0.06666666666666667,1.0
