{
    "name": "root",
    "gauges": {
        "PlayerBehaviour.Policy.Entropy.mean": {
            "value": 1.482951045036316,
            "min": 1.4265427589416504,
            "max": 1.482951045036316,
            "count": 6
        },
        "PlayerBehaviour.Policy.ExtrinsicValueEstimate.mean": {
            "value": 2.4870519638061523,
            "min": 2.4870519638061523,
            "max": 11.28947925567627,
            "count": 6
        },
        "PlayerBehaviour.Environment.EpisodeLength.mean": {
            "value": 2110.9565217391305,
            "min": 1924.0,
            "max": 2253.318181818182,
            "count": 6
        },
        "PlayerBehaviour.Environment.CumulativeReward.mean": {
            "value": -2.6494191131433067,
            "min": -2.753907264379615,
            "max": -2.4145999887399374,
            "count": 6
        },
        "PlayerBehaviour.Policy.ExtrinsicReward.mean": {
            "value": -2.6494191131433067,
            "min": -2.753907264379615,
            "max": -2.4145999887399374,
            "count": 6
        },
        "PlayerBehaviour.Losses.ValueLoss.mean": {
            "value": 0.15883368253707886,
            "min": 0.15883368253707886,
            "max": 4.100883483886719,
            "count": 6
        },
        "PlayerBehaviour.Losses.PolicyLoss.mean": {
            "value": 0.023263152688741684,
            "min": 0.021885946393013,
            "max": 0.024113819003105164,
            "count": 6
        },
        "PlayerBehaviour.Policy.LearningRate.mean": {
            "value": 0.0001335483102593571,
            "min": 0.0001335483102593571,
            "max": 0.0002845762646757066,
            "count": 6
        },
        "PlayerBehaviour.Policy.Epsilon.mean": {
            "value": 0.14451608061790466,
            "min": 0.14451608061790466,
            "max": 0.19485872983932495,
            "count": 6
        },
        "PlayerBehaviour.Policy.Beta.mean": {
            "value": 0.0022313520312309265,
            "min": 0.0022313520312309265,
            "max": 0.004743451252579689,
            "count": 6
        },
        "PlayerBehaviour.IsTraining.mean": {
            "value": 1.0,
            "min": 1.0,
            "max": 1.0,
            "count": 6
        }
    },
    "metadata": {
        "timer_format_version": "0.1.0",
        "start_time_seconds": "1594218710",
        "python_version": "3.8.3 (tags/v3.8.3:6f8c832, May 13 2020, 22:37:02) [MSC v.1924 64 bit (AMD64)]",
        "command_line_arguments": "C:\\Users\\chinhui\\AppData\\Local\\Programs\\Python\\Python38\\Scripts\\mlagents-learn config/ppo/player.yaml --run-id=2 --force --time-scale=30 --quality-level=0",
        "mlagents_version": "0.17.0",
        "mlagents_envs_version": "0.17.0",
        "communication_protocol_version": "1.0.0",
        "tensorflow_version": "2.3.0-dev20200612",
        "end_time_seconds": "1594220727"
    },
    "total": 2017.0647268,
    "count": 1,
    "self": 0.007791199999928722,
    "children": {
        "run_training.setup": {
            "total": 0.007142299999999935,
            "count": 1,
            "self": 0.007142299999999935
        },
        "TrainerController.start_learning": {
            "total": 2017.0497933000001,
            "count": 1,
            "self": 82.53633499992998,
            "children": {
                "TrainerController._reset_env": {
                    "total": 7.841176,
                    "count": 1,
                    "self": 7.841176
                },
                "TrainerController.advance": {
                    "total": 1925.31704280007,
                    "count": 324507,
                    "self": 3.190395900039448,
                    "children": {
                        "env_step": {
                            "total": 1922.1266469000307,
                            "count": 324507,
                            "self": 1747.5512921000454,
                            "children": {
                                "SubprocessEnvManager._take_step": {
                                    "total": 170.62177240001478,
                                    "count": 324507,
                                    "self": 8.034036299953414,
                                    "children": {
                                        "NNPolicy.evaluate": {
                                            "total": 162.58773610006136,
                                            "count": 324351,
                                            "self": 162.58773610006136
                                        }
                                    }
                                },
                                "workers": {
                                    "total": 3.9535823999704007,
                                    "count": 324506,
                                    "self": 0.0,
                                    "children": {
                                        "worker_root": {
                                            "total": 1999.6043711999532,
                                            "count": 324506,
                                            "is_parallel": true,
                                            "self": 555.3539811000101,
                                            "children": {
                                                "steps_from_proto": {
                                                    "total": 0.000222400000000178,
                                                    "count": 1,
                                                    "is_parallel": true,
                                                    "self": 7.80999999996368e-05,
                                                    "children": {
                                                        "_process_vector_observation": {
                                                            "total": 0.00014430000000054122,
                                                            "count": 2,
                                                            "is_parallel": true,
                                                            "self": 0.00014430000000054122
                                                        }
                                                    }
                                                },
                                                "UnityEnvironment.step": {
                                                    "total": 1444.2501676999432,
                                                    "count": 324506,
                                                    "is_parallel": true,
                                                    "self": 18.558460699952548,
                                                    "children": {
                                                        "UnityEnvironment._generate_step_input": {
                                                            "total": 36.818137199956105,
                                                            "count": 324506,
                                                            "is_parallel": true,
                                                            "self": 36.818137199956105
                                                        },
                                                        "communicator.exchange": {
                                                            "total": 1340.9889011999703,
                                                            "count": 324506,
                                                            "is_parallel": true,
                                                            "self": 1340.9889011999703
                                                        },
                                                        "steps_from_proto": {
                                                            "total": 47.88466860006433,
                                                            "count": 324506,
                                                            "is_parallel": true,
                                                            "self": 20.475002600108134,
                                                            "children": {
                                                                "_process_vector_observation": {
                                                                    "total": 27.409665999956196,
                                                                    "count": 649012,
                                                                    "is_parallel": true,
                                                                    "self": 27.409665999956196
                                                                }
                                                            }
                                                        }
                                                    }
                                                }
                                            }
                                        }
                                    }
                                }
                            }
                        }
                    }
                },
                "trainer_threads": {
                    "total": 2.5300000061179162e-05,
                    "count": 1,
                    "self": 2.5300000061179162e-05,
                    "children": {
                        "thread_root": {
                            "total": 0.0,
                            "count": 0,
                            "is_parallel": true,
                            "self": 0.0,
                            "children": {
                                "trainer_advance": {
                                    "total": 1990.9133591998857,
                                    "count": 968471,
                                    "is_parallel": true,
                                    "self": 27.207035999829486,
                                    "children": {
                                        "process_trajectory": {
                                            "total": 1926.917890700056,
                                            "count": 968471,
                                            "is_parallel": true,
                                            "self": 1926.917890700056
                                        },
                                        "_update_policy": {
                                            "total": 36.78843250000024,
                                            "count": 31,
                                            "is_parallel": true,
                                            "self": 22.11896550000391,
                                            "children": {
                                                "PPOOptimizer.update": {
                                                    "total": 14.669466999996331,
                                                    "count": 930,
                                                    "is_parallel": true,
                                                    "self": 14.669466999996331
                                                }
                                            }
                                        }
                                    }
                                }
                            }
                        }
                    }
                },
                "TrainerController._save_model": {
                    "total": 1.3552142000000913,
                    "count": 1,
                    "self": 0.0002720000002227607,
                    "children": {
                        "Trainer.save_model": {
                            "total": 1.3549421999998685,
                            "count": 1,
                            "self": 1.3549421999998685
                        }
                    }
                }
            }
        }
    }
}